ds,Depth_to_Groundwater_LT2,Depth_to_Groundwater_SAL,Depth_to_Groundwater_CoS
2010-06-28,-14.027832780098338,-5.725830654927786,-6.023927051199255
2010-06-29,-14.036996495229605,-5.72626553687096,-6.037919785254014
2010-06-30,-14.042783969864084,-5.720853271500168,-6.027139668748765
2010-07-01,-14.044380538382953,-5.737054531870094,-6.068334398576714
2010-07-02,-14.043653790313448,-5.718978579048368,-6.015248855661504
2010-07-03,-14.047146033515126,-5.737009738007901,-6.058026940424417
2010-07-04,-14.034912658898635,-5.699604711419572,-5.925883283320248
2010-07-05,-14.042468818333772,-5.726901270601504,-6.023466194942805
2010-07-06,-14.052588539739546,-5.728372050006169,-6.038711414478433
2010-07-07,-14.059452041197606,-5.724212589749792,-6.030475402853964
2010-07-08,-14.062210198535348,-5.741842978351938,-6.075428099189216
2010-07-09,-14.062694275487978,-5.725327401486405,-6.027208322858795
2010-07-10,-14.067409404634017,-5.745001805355055,-6.0758283889896445
2010-07-11,-14.056373983528985,-5.709272492706315,-5.950349224249403
2010-07-12,-14.065067369002076,-5.738226156661159,-6.055247255689053
2010-07-13,-14.07622996549604,-5.741285042800631,-6.07827252620132
2010-07-14,-14.084011442543757,-5.738596347227769,-6.078086667104839
2010-07-15,-14.087536011187739,-5.757535166109031,-6.131160523133599
2010-07-16,-14.088612846601157,-5.7421252669623595,-6.090934484636798
2010-07-17,-14.09373012664491,-5.762667856873474,-6.1472279665773515
2010-07-18,-14.082894836216377,-5.727541135245598,-6.028919195600526
2010-07-19,-14.091580710069177,-5.756811109692693,-6.140316458371665
2010-07-20,-14.102528404250332,-5.759887343575768,-6.1690201543433245
2010-07-21,-14.109893630204512,-5.756912726155535,-6.173564185111829
2010-07-22,-14.112812185004838,-5.775266569820155,-6.230316391906345
2010-07-23,-14.113109973192701,-5.758985299625232,-6.1926410290261265
2010-07-24,-14.117296502499796,-5.778390911473772,-6.2503096642495235
2010-07-25,-14.105404019787686,-5.741889993860903,-6.132181638524616
2010-07-26,-14.11293467981682,-5.7695838051043316,-6.242575229387815
2010-07-27,-14.122659859799045,-5.770923093534409,-6.269128872836426
2010-07-28,-14.128767378801609,-5.766096775745318,-6.270441007176981
2010-07-29,-14.130425581976047,-5.7825338060297105,-6.322968300585701
2010-07-30,-14.129492412340717,-5.764322534658761,-6.280185317669612
2010-07-31,-14.132507979593882,-5.781837766658383,-6.331992098828142
2010-08-01,-14.11953281868099,-5.743538353285181,-6.2073908804381865
2010-08-02,-14.126094255554625,-5.769575846348231,-6.310853206216958
2010-08-03,-14.134985015646404,-5.7694479409937784,-6.330176897620271
2010-08-04,-14.140409853792805,-5.763385859086878,-6.324121564008376
2010-08-05,-14.141549181820855,-5.778855041223005,-6.369302532334103
2010-08-06,-14.140267828869037,-5.759973476882422,-6.319346367262073
2010-08-07,-14.143107452044285,-5.777137912295083,-6.364294565568651
2010-08-08,-14.130124793825766,-5.738820791442186,-6.233276754356257
2010-08-09,-14.136838202819447,-5.765178478240662,-6.330874733723474
2010-08-10,-14.146026548066498,-5.765704497604095,-6.344976908403897
2010-08-11,-14.151876296021097,-5.760616953442185,-6.334411850178777
2010-08-12,-14.153545712756856,-5.777359491236831,-6.375840914759086
2010-08-13,-14.152874309217932,-5.760020128001308,-6.322913109838435
2010-08-14,-14.156376026747745,-5.778958176341603,-6.365668805263434
2010-08-15,-14.14407833642544,-5.74260209940315,-6.23321360328001
2010-08-16,-14.151469644082471,-5.7710588208075455,-6.3300836797552344
2010-08-17,-14.161299105335088,-5.7737681986799645,-6.344102094023817
2010-08-18,-14.167724593487483,-5.770891789351867,-6.334014746659334
2010-08-19,-14.16987775696692,-5.789815232897963,-6.376385832676066
2010-08-20,-14.169574259307673,-5.7745685457762415,-6.324755899232191
2010-08-21,-14.17330767592868,-5.795454508724544,-6.369049002366477
2010-08-22,-14.1610892007076,-5.760847948126357,-6.238250178296621
2010-08-23,-14.168395536741324,-5.790806397425374,-6.336774434734935
2010-08-24,-14.177969061683681,-5.794725812213455,-6.352326654420605
2010-08-25,-14.183966000500916,-5.79273043210723,-6.343540987729302
2010-08-26,-14.185521536499511,-5.812176092973918,-6.386879485306805
2010-08-27,-14.184459952205193,-5.797071250818886,-6.3357929918407105
2010-08-28,-14.187288277301164,-5.817705886804369,-6.380130718558904
2010-08-29,-14.174035603902231,-5.7824510786970365,-6.248819646160511
2010-08-30,-14.180200454926526,-5.811369718508865,-6.3462349146325225
2010-08-31,-14.188550311094572,-5.813872049411818,-6.360060559233077
2010-09-01,-14.19326904786917,-5.810105120763499,-6.348929153471224
2010-09-02,-14.193521234465425,-5.827455476618148,-6.389320111173278
2010-09-03,-14.191161409981502,-5.809969356609033,-6.334719686904638
2010-09-04,-14.192726838854417,-5.827980601496649,-6.375029126773753
2010-09-05,-14.178275931730694,-5.789909076138506,-6.239242170956926
2010-09-06,-14.183334743407057,-5.8158701209603985,-6.331813127598586
2010-09-07,-14.190695678612729,-5.815328739329193,-6.340514952215813
2010-09-08,-14.194564180819695,-5.808487656040594,-6.32407597762846
2010-09-09,-14.194122378040536,-5.822788599739624,-6.35907513752497
2010-09-10,-14.19123781983182,-5.802331125638852,-6.299098818025047
2010-09-11,-14.192455823674344,-5.817499207347365,-6.334145885679531
2010-09-12,-14.17783762913006,-5.776758445107877,-6.193302188047795
2010-09-13,-14.182906779740536,-5.800264433185909,-6.281105837008283
2010-09-14,-14.19044786750845,-5.797516021728675,-6.2854027924243585
2010-09-15,-14.194653414864218,-5.78874263175386,-6.264981465301794
2010-09-16,-14.194687863441171,-5.801404994432567,-6.296466246105519
2010-09-17,-14.192396795018857,-5.779613643821065,-6.233473141857656
2010-09-18,-14.194299889963764,-5.793755398750646,-6.266014104969862
2010-09-19,-14.18042980510109,-5.7522906820399085,-6.123171368818859
2010-09-20,-14.186279371341577,-5.775362214605896,-6.209463102895294
2010-09-21,-14.194601223634411,-5.772448808780116,-6.212699891649459
2010-09-22,-14.199555613859115,-5.763753402956724,-6.1916207269054135
2010-09-23,-14.200275350342872,-5.776704687186521,-6.222788375438026
2010-09-24,-14.19857596308034,-5.755376622906458,-6.159747247737834
2010-09-25,-14.200949573780305,-5.770116062889802,-6.19243028156524
2010-09-26,-14.187404627262607,-5.7293412871300236,-6.049836076252123
2010-09-27,-14.193413860608612,-5.753151957864007,-6.136397504164682
2010-09-28,-14.201714600857617,-5.750984182712939,-6.1398412122412145
2010-09-29,-14.20645712281953,-5.742999792764819,-6.118826610165667
2010-09-30,-14.206769994898362,-5.75658915089935,-6.149844114089976
2010-10-01,-14.204470499892993,-5.735791761174192,-6.086375682637237
2010-10-02,-14.206058601793428,-5.750924855802403,-6.118304075485264
2010-10-03,-14.1915566112126,-5.710382749494807,-5.974591995632443
2010-10-04,-14.196456926299401,-5.734247442750964,-6.059652277580324
2010-10-05,-14.203521944676982,-5.731944146332833,-6.06120848270333
2010-10-06,-14.20693188690776,-5.72363082232151,-6.037934460827182
2010-10-07,-14.205849472248222,-5.736701051227912,-6.06635262459122
2010-10-08,-14.202129550118181,-5.715204495877455,-5.999993966908377
2010-10-09,-14.202312177909315,-5.72947514418359,-6.0288062615163325
2010-10-10,-14.186461320006316,-5.687930131676808,-5.88183163333726
2010-10-11,-14.190111569133407,-5.710679641616727,-5.963574701682361
2010-10-12,-14.19606701123163,-5.707181575843003,-5.961860712463735
2010-10-13,-14.198548000748554,-5.6976301167457315,-5.935472285858773
2010-10-14,-14.196754813514536,-5.709457518157489,-5.961044604101847
2010-10-15,-14.19257630638269,-5.686753426739504,-5.892222156225929
2010-10-16,-14.192582098693322,-5.699891948502844,-5.919063572306324
2010-10-17,-14.176860472925867,-5.6573292945924845,-5.770715829842215
2010-10-18,-14.180964415629543,-5.679212537239843,-5.8517791319085255
2010-10-19,-14.18770993680679,-5.675033201012076,-5.85016196777057
2010-10-20,-14.191322448175162,-5.665014839723068,-5.824715072183464
2010-10-21,-14.191000177277841,-5.676613963974371,-5.852124190500383
2010-10-22,-14.188622752450451,-5.65393864452011,-5.786064839224178
2010-10-23,-14.190743475449137,-5.667375025521152,-5.816605655593451
2010-10-24,-14.177427476756371,-5.625384596541014,-5.672881666392474
2010-10-25,-14.18419816831221,-5.648112763821892,-5.759458808274889
2010-10-26,-14.193836121705727,-5.645042450279522,-5.764189227112116
2010-10-27,-14.200526138609092,-5.6363818734698725,-5.745846073010307
2010-10-28,-14.203421473661226,-5.649565860040918,-5.781017682127645
2010-10-29,-14.20435332537675,-5.6286750102576155,-5.72326430284908
2010-10-30,-14.209824090304902,-5.644062930275154,-5.762523912624994
2010-10-31,-14.199846552288841,-5.604154360315303,-5.627788394403642
2010-11-01,-14.209891397417595,-5.6290547148828765,-5.723471331364633
2010-11-02,-14.222687158171597,-5.628204737052491,-5.7372668635291095
2010-11-03,-14.232368329243055,-5.621769386449222,-5.727788230891264
2010-11-04,-14.238040591762196,-5.637140288411672,-5.771465796593182
2010-11-05,-14.241491239416364,-5.618356026386867,-5.721707607155024
2010-11-06,-14.24918328150155,-5.6357304640538475,-5.768308935293733
2010-11-07,-14.241095376929257,-5.597651895370728,-5.640131975959918
2010-11-08,-14.252669974702412,-5.624193510779458,-5.741476861175675
2010-11-09,-14.266613752338033,-5.624768856500592,-5.759943351760381
2010-11-10,-14.277046085977506,-5.619521384938571,-5.754071755067476
2010-11-11,-14.28306448359444,-5.6358274061504705,-5.8002427987039535
2010-11-12,-14.286455072934942,-5.617716709430967,-5.7518394673910995
2010-11-13,-14.293686620804175,-5.635501033373008,-5.798657213621785
2010-11-14,-14.284750242600472,-5.597573179534105,-5.669583693810337
2010-11-15,-14.295107185585643,-5.624017259991556,-5.768969192964451
2010-11-16,-14.307488788167204,-5.624263762807681,-5.78448710987818
2010-11-17,-14.316044362212825,-5.6184785453184825,-5.774773081909596
2010-11-18,-14.319905945180563,-5.634065081553789,-5.816322524506668
2010-11-19,-14.320898030733298,-5.615084253161723,-5.762649651787215
2010-11-20,-14.32553077269032,-5.631881885920996,-5.803694460404885
2010-11-21,-14.3138388401883,-5.59288685341011,-5.668498910435274
2010-11-22,-14.321328326768576,-5.618220266532323,-5.761573556636599
2010-11-23,-14.330775834691677,-5.6173494625182405,-5.770754098309052
2010-11-24,-14.336375499878596,-5.610475933283192,-5.754836526392818
2010-11-25,-14.337302921590668,-5.625036548945751,-5.790470743278181
2010-11-26,-14.335424121429325,-5.605122394115996,-5.731315820089448
2010-11-27,-14.337288040693156,-5.62110544523415,-5.767443467701837
2010-11-28,-14.322964766162396,-5.58143593398617,-5.62801104242463
2010-11-29,-14.327991897046797,-5.60625093559034,-5.717625417874735
2010-11-30,-14.335173182102022,-5.605027911775297,-5.724197258425749
2010-12-01,-14.33872519763963,-5.5979723602151195,-5.706574427398184
2010-12-02,-14.337841033480501,-5.612518933502915,-5.7414344460246145
2010-12-03,-14.334399112041545,-5.592750347771523,-5.682439193653077
2010-12-04,-14.334955647978203,-5.609024306913104,-5.71963843571052
2010-12-05,-14.319582934777248,-5.569771280377296,-5.58214349512288
2010-12-06,-14.323815865496774,-5.595103661779389,-5.67449237820661
2010-12-07,-14.330450809494149,-5.594470022412103,-5.684505855352998
2010-12-08,-14.333692607335898,-5.58804359197913,-5.670923181076863
2010-12-09,-14.33271864132006,-5.6032243070136625,-5.710297308739122
2010-12-10,-14.329388096377905,-5.584058721920799,-5.656152719209598
2010-12-11,-14.330234907837784,-5.600867981582276,-5.698392370308099
2010-12-12,-14.315306571261209,-5.562046665353021,-5.5659749965891505
2010-12-13,-14.320111210384091,-5.587673001177595,-5.663283980252262
2010-12-14,-14.327417014093873,-5.587164135803795,-5.677987201429615
2010-12-15,-14.331399794194008,-5.580665566435556,-5.6686764609013
2010-12-16,-14.331207611589075,-5.595554049147803,-5.711766241834854
2010-12-17,-14.328670576650953,-5.575858256355346,-5.660654846121661
2010-12-18,-14.330294312142348,-5.591887362681631,-5.705134335448191
2010-12-19,-14.31609924677743,-5.55203035302247,-5.574070438806025
2010-12-20,-14.321568129336843,-5.576366539430793,-5.671773589698494
2010-12-21,-14.329445869176842,-5.5743209649196235,-5.685860455384049
2010-12-22,-14.333887450797992,-5.566053796024447,-5.674894517809078
2010-12-23,-14.334022866981574,-5.57896302038668,-5.71528545256455
2010-12-24,-14.33166717402684,-5.557104726941985,-5.6604503345035155
2010-12-25,-14.333314156059254,-5.5708211575441675,-5.70022310650421
2010-12-26,-14.318975765817319,-5.5285393371925124,-5.56353349223075
2010-12-27,-14.324129731807552,-5.550380786371956,-5.65477654736553
2010-12-28,-14.331519438195983,-5.545816013525073,-5.661672253902392
2010-12-29,-14.33530182610368,-5.53505291191681,-5.64290376914422
2010-12-30,-14.334612262216178,-5.5455384014666596,-5.67501413595403
2010-12-31,-14.331274479984243,-5.521377618713371,-5.611564549703248
2011-01-01,-14.331794082423917,-5.532960869918042,-5.642540689962669
2011-01-02,-14.31619777622991,-5.4887611805926895,-5.497028372287814
2011-01-03,-14.319980729652963,-5.508942970372319,-5.579579790120061
2011-01-04,-14.325906163328565,-5.503015575327522,-5.57806982613759
2011-01-05,-14.328152925819646,-5.491220764156241,-5.551331116887891
2011-01-06,-14.325880003181961,-5.50103360859082,-5.576047745230266
2011-01-07,-14.320936071568966,-5.476581028094387,-5.505910718329667
2011-01-08,-14.319852586003186,-5.488268237540932,-5.531021794551427
2011-01-09,-14.302682579567657,-5.444575941376087,-5.38056696188196
2011-01-10,-14.304947570460827,-5.465668809721306,-5.459180876279891
2011-01-11,-14.309436691572966,-5.461048961322459,-5.454801768216915
2011-01-12,-14.310353800305755,-5.45094359886127,-5.42630552039373
2011-01-13,-14.306881524383359,-5.462806152430467,-5.450398800474939
2011-01-14,-14.300890359559537,-5.4407352432811384,-5.380774406210463
2011-01-15,-14.29893131963444,-5.4551016854364205,-5.407515376704329
2011-01-16,-14.281074320635279,-5.414346354752947,-5.25976915419136
2011-01-17,-14.282854704416604,-5.438589444585568,-5.342113078649256
2011-01-18,-14.28707202422857,-5.437284814694779,-5.34241069053218
2011-01-19,-14.287936857788473,-5.430608559189791,-5.31944750583309
2011-01-20,-14.284634611162204,-5.445961128610245,-5.349826103862303
2011-01-21,-14.279034436472182,-5.427387297108471,-5.287123638224705
2011-01-22,-14.277681770302205,-5.445204171211608,-5.321298275601061
2011-01-23,-14.26063668024686,-5.407800049162835,-5.181365796531051
2011-01-24,-14.263420429377156,-5.435244630375707,-5.271767590438846
2011-01-25,-14.268814384409941,-5.436944263404672,-5.280229471304523
2011-01-26,-14.27100703488806,-5.433031341709858,-5.265399931417186
2011-01-27,-14.269158086821962,-5.450867167845906,-5.303747629852987
2011-01-28,-14.265107752188259,-5.434462564817834,-5.248721186083635
2011-01-29,-14.265369737674355,-5.454106421303189,-5.290157747524624
2011-01-30,-14.249970114722236,-5.418164972498719,-5.156961534114782
2011-01-31,-14.254394473326606,-5.44669231145472,-5.25347356600125
2011-02-01,-14.261387476185602,-5.449085817182006,-5.2673319796641325
2011-02-02,-14.265100569545542,-5.445475609156124,-5.257111533926322
2011-02-03,-14.264656801604916,-5.463227351518702,-5.299222091451307
2011-02-04,-14.261860855874401,-5.446362690536413,-5.247069139839178
2011-02-05,-14.26319278773128,-5.465187518759399,-5.290462819274161
2011-02-06,-14.248647630219498,-5.428090876041264,-5.158296661982854
2011-02-07,-14.253683255051266,-5.4551549921027584,-5.254917255442829
2011-02-08,-14.261020588782758,-5.455810167845841,-5.2679842437048645
2011-02-09,-14.264791924163852,-5.450223616803301,-5.256109280105545
2011-02-10,-14.264106261882143,-5.465801602327048,-5.295753731131314
2011-02-11,-14.26075977557281,-5.446609166660769,-5.240388211662312
2011-02-12,-14.261229875337548,-5.462997657947751,-5.279900436246641
2011-02-13,-14.245515024750404,-5.4234028777468515,-5.14327261065008
2011-02-14,-14.249082688513168,-5.44795436574822,-5.234949595627478
2011-02-15,-14.254669504535855,-5.446129530338591,-5.242697278122122
2011-02-16,-14.256429417101051,-5.438141757135094,-5.225239784683462
2011-02-17,-14.253498706045288,-5.451441841019532,-5.259155358980532
2011-02-18,-14.24770600772127,-5.430137046857444,-5.19803400626977
2011-02-19,-14.24556580910245,-5.444618013066055,-5.231883412610033
2011-02-20,-14.227117579319554,-5.403356327770037,-5.089804386713161
2011-02-21,-14.22787292817437,-5.42651330045265,-5.1763570804907815
2011-02-22,-14.230614900661116,-5.4235936430473,-5.179417448106963
2011-02-23,-14.229545161990389,-5.414833196987253,-5.1578126033436735
2011-02-24,-14.223848028111243,-5.427700055294782,-5.188214922531012
2011-02-25,-14.215399459346711,-5.406313387635423,-5.1242980214883
2011-02-26,-14.210759521656753,-5.421070184475169,-5.1561411398760475
2011-02-27,-14.190010503730363,-5.380442751330212,-5.012903206234445
2011-02-28,-14.188703103547667,-5.404587476566669,-5.099187864590698
2011-03-01,-14.189654817122957,-5.402998586569379,-5.102898946318876
2011-03-02,-14.187096306587494,-5.3958960240026785,-5.08287506953065
2011-03-03,-14.180234723657888,-5.4107267967723995,-5.1157832337837466
2011-03-04,-14.170962124976505,-5.391584103459216,-5.055274556624299
2011-03-05,-14.165847500002881,-5.408834448485255,-5.0913887003453455
2011-03-06,-14.144974612646484,-5.370915574386835,-4.953228273564446
2011-03-07,-14.143888079697266,-5.397945730248736,-5.045324495564276
2011-03-08,-14.145391824290304,-5.399377984899624,-5.055493609329421
2011-03-09,-14.143695682977881,-5.395388714524532,-5.042472722497623
2011-03-10,-14.137979139636611,-5.413379605363934,-5.0828149352146905
2011-03-11,-14.13010031563206,-5.39739746944867,-5.030046886555997
2011-03-12,-14.126588725706545,-5.41776207795322,-5.074075246831069
2011-03-13,-14.107483985620531,-5.382864830011863,-4.943863412978043
2011-03-14,-14.108282875810428,-5.412778765761186,-5.043799661452062
2011-03-15,-14.111738877282024,-5.416913621224328,-5.061556205090678
2011-03-16,-14.112009933573018,-5.415405043142464,-5.055727788289654
2011-03-17,-14.108223385130758,-5.435617292454822,-5.102729629796466
2011-03-18,-14.102186177151431,-5.421563722171439,-5.0559577911142854
2011-03-19,-14.10037882116773,-5.443535221986872,-5.105198441147823
2011-03-20,-14.082795267164691,-5.40989943545366,-4.979307215732461
2011-03-21,-14.084891061900963,-5.440711246911289,-5.082579867240596
2011-03-22,-14.08938388246762,-5.4453682249511495,-5.10261359225246
2011-03-23,-14.090402173838694,-5.444000130693543,-5.0979476152563645
2011-03-24,-14.087050814448144,-5.463971811037055,-5.1449627848956565
2011-03-25,-14.081121891896391,-5.44930375563966,-5.097043212989532
2011-03-26,-14.079089054017404,-5.470300504802651,-5.143986385600913
2011-03-27,-14.06094758134214,-5.435349710941652,-5.014682911174107
2011-03-28,-14.062162550520485,-5.4645323499357294,-5.113487076211169
2011-03-29,-14.065469176448833,-5.467277770617684,-5.128077581673372
2011-03-30,-14.065021065479373,-5.463752694653956,-5.117097034000041
2011-03-31,-14.05995531222453,-5.481363493478422,-5.157049954474162
2011-04-01,-14.052102535219042,-5.464176030073538,-5.101462356004414
2011-04-02,-14.04798033420894,-5.482543264240039,-5.140289347046506
2011-04-03,-14.027632336603707,-5.444903437816179,-5.002591969515702
2011-04-04,-14.02657522759247,-5.471389352004685,-5.092904493777585
2011-04-05,-14.02759787942781,-5.471482442753589,-5.099091606433178
2011-04-06,-14.02490834213289,-5.46540078560923,-5.0799841360861295
2011-04-07,-14.017697659388293,-5.480600376973176,-5.112273159445932
2011-04-08,-14.00784863667026,-5.461194000487493,-5.04966562111889
2011-04-09,-14.001928075965658,-5.477577898320945,-5.08228801489217
2011-04-10,-13.980024675086261,-5.438229084648107,-4.939359423191113
2011-04-11,-13.977695014705457,-5.463313833506449,-5.0255552272315684
2011-04-12,-13.977761774631162,-5.462341065694677,-5.028861010419711
2011-04-13,-13.974459964283646,-5.455549783039442,-5.0082053821936
2011-04-14,-13.967000149952403,-5.470409911609854,-5.040351639720885
2011-04-15,-13.957276820321509,-5.4510408745426435,-4.979051466796938
2011-04-16,-13.951860414226676,-5.467838123141491,-5.0144472729020215
2011-04-17,-13.930835213257867,-5.429270469051472,-4.87574451166887
2011-04-18,-13.929745521749942,-5.455488751612871,-4.967575319961719
2011-04-19,-13.931394269929601,-5.455979563234022,-4.977853013823411
2011-04-20,-13.92998981442318,-5.450953175499202,-4.965406166537209
2011-04-21,-13.92470990319335,-5.467845018227046,-5.006872168273336
2011-04-22,-13.917410926555494,-5.450735019183546,-4.955853432862525
2011-04-23,-13.914620954584183,-5.469975016779243,-5.002322805432491
2011-04-24,-13.896378736684103,-5.433987069190803,-4.875299446470548
2011-04-25,-13.898181056550811,-5.462873172031153,-4.979216456619767
2011-04-26,-13.902782547274928,-5.466070083310068,-5.001779690044512
2011-04-27,-13.904343708904943,-5.463738372746204,-5.001606383648308
2011-04-28,-13.901996063622073,-5.483265021048397,-5.055123396378353
2011-04-29,-13.897552539090862,-5.468683849991095,-5.015728114185321
2011-04-30,-13.897501550859921,-5.490303969112696,-5.073198462288425
2011-05-01,-13.881846932593234,-5.456509037052627,-4.956373188955011
2011-05-02,-13.886056083519673,-5.48736782595123,-5.0695235772371054
2011-05-03,-13.892860417810676,-5.492289766322192,-5.100215930934584
2011-05-04,-13.896403842480531,-5.49141457106685,-5.10695336942106
2011-05-05,-13.895808187983743,-5.512115249325156,-5.166076644355347
2011-05-06,-13.892883676116963,-5.4984187799481,-5.130926966214375
2011-05-07,-13.894122895323589,-5.520634623627559,-5.191257230229356
2011-05-08,-13.879540436587494,-5.487153869357851,-5.075912770856642
2011-05-09,-13.884620568767264,-5.5180595059084805,-5.18920278433403
2011-05-10,-13.892117052328528,-5.522781502547414,-5.218761767463965
2011-05-11,-13.896200836705374,-5.521485808983917,-5.223189528128646
2011-05-12,-13.896024587970512,-5.541576600738271,-5.278949520060373
2011-05-13,-13.893432157174141,-5.527116059107513,-5.239528547186401
2011-05-14,-13.894951487736366,-5.548451887536247,-5.294844301063617
2011-05-15,-13.880633145123443,-5.514015385686004,-5.173921949360353
2011-05-16,-13.88599687863077,-5.543930599687075,-5.281261016476969
2011-05-17,-13.893830345280499,-5.54766826210419,-5.304692016268833
2011-05-18,-13.898335771339553,-5.545433661591106,-5.303011511665386
2011-05-19,-13.898693526809037,-5.564667798389999,-5.352875477520209
2011-05-20,-13.896770749526022,-5.549466143921029,-5.307954137149255
2011-05-21,-13.89911354043782,-5.570205233709097,-5.358334859377864
2011-05-22,-13.8857849327151,-5.535339939985169,-5.233194452312316
2011-05-23,-13.892311059697866,-5.565011964407016,-5.337162205059582
2011-05-24,-13.90147966217839,-5.568703282693167,-5.358173236467135
2011-05-25,-13.907486716069393,-5.5666236951889925,-5.35510091112746
2011-05-26,-13.90950015625469,-5.586211848926597,-5.4046482684654835
2011-05-27,-13.909368828613108,-5.571554053905643,-5.360501686997013
2011-05-28,-13.913615182167401,-5.593011122230251,-5.412733402893208
2011-05-29,-13.902273889736495,-5.559016070710977,-5.290474231121453
2011-05-30,-13.91083880352197,-5.589683216643608,-5.3982778317545215
2011-05-31,-13.922062363819109,-5.594462383066129,-5.423976051301344
2011-06-01,-13.930103216462413,-5.593527347646454,-5.426314050167685
2011-06-02,-13.93409098695243,-5.614277877015537,-5.481845094159759
2011-06-03,-13.935836313770524,-5.600759642271123,-5.444088147162455
2011-06-04,-13.941824622535998,-5.623292214720571,-5.502934784202643
2011-06-05,-13.932055799118714,-5.590267951140179,-5.387326660867328
2011-06-06,-13.94199213874341,-5.621762265988547,-5.501624759819512
2011-06-07,-13.954358661568218,-5.627188974540232,-5.533469816042677
2011-06-08,-13.9632915250928,-5.626689809568482,-5.541422500628638
2011-06-09,-13.967903459238888,-5.6476374235522595,-5.601863110094865
2011-06-10,-13.969994308263074,-5.634056144791059,-5.568153771188527
2011-06-11,-13.976045147072693,-5.656250662437476,-5.63004956036402
2011-06-12,-13.966058120615534,-5.622605429604765,-5.516379664106683
2011-06-13,-13.975504378836126,-5.653195266410103,-5.631419704257223
2011-06-14,-13.987124198149914,-5.657440836327677,-5.662754549090276
2011-06-15,-13.995075025249674,-5.655498093211531,-5.668920126983326
2011-06-16,-13.9984963793719,-5.674761011191778,-5.726303946238412
2011-06-17,-13.999219712000272,-5.65928187159935,-5.68830730835309
2011-06-18,-14.003761710501372,-5.6793992931175,-5.7447556126222326
2011-06-19,-13.99216321686174,-5.643536810664081,-5.624577898384812
2011-06-20,-13.999936159455753,-5.671812505955088,-5.732176790129682
2011-06-21,-14.009862616458275,-5.67369338842316,-5.755288227162142
2011-06-22,-14.016141775827442,-5.669383652685668,-5.752619573875131
2011-06-23,-14.017953757736104,-5.686326156392101,-5.800745909640703
2011-06-24,-14.017168427985712,-5.6686214261595795,-5.753267594753032
2011-06-25,-14.020337717442898,-5.686654412384618,-5.8002156302894186
2011-06-26,-14.007533645409357,-5.648891833122255,-5.67072608587717
2011-06-27,-14.014294469053189,-5.675490643814348,-5.769404892561276
2011-06-28,-14.023423098507513,-5.675951363591975,-5.784182515305073
2011-06-29,-14.029133559773266,-5.670505413731633,-5.773947231352537
2011-06-30,-14.030614484267076,-5.686615837983374,-5.81543693755006
2011-07-01,-14.029737761918307,-5.668395734157499,-5.762392697825102
2011-07-02,-14.033050876413956,-5.686234634591821,-5.8049606510859055
2011-07-03,-14.020615119167642,-5.6485956871966625,-5.6723636408993485
2011-07-04,-14.02795209797064,-5.675624179693627,-5.769263934224705
2011-07-05,-14.037842669111775,-5.676801137730308,-5.783616594683399
2011-07-06,-14.044474059959201,-5.672331146509695,-5.774302267160149
2011-07-07,-14.047004141812145,-5.68964375392503,-5.818019306218497
2011-07-08,-14.04727096755589,-5.672812767375462,-5.768438447606936
2011-07-09,-14.0517860676453,-5.692183659607361,-5.815606610219166
2011-07-10,-14.040573673932448,-5.656171908532048,-5.6886211369917055
2011-07-11,-14.049118259010873,-5.6848727831077435,-5.791995770598222
2011-07-12,-14.060164491152637,-5.68771627248153,-5.813517841471275
2011-07-13,-14.06786534349839,-5.684856272469276,-5.8118853228334695
2011-07-14,-14.07134729014883,-5.703673350701481,-5.8636035717734005
2011-07-15,-14.072420678455744,-5.688195365813301,-5.822144833854148
2011-07-16,-14.077573748431705,-5.708726120123626,-5.877356971869735
2011-07-17,-14.066812449433884,-5.673644836702394,-5.758142598835486
2011-07-18,-14.075608426212067,-5.703016941665306,-5.868829784517515
2011-07-19,-14.086699263010592,-5.706249821298306,-5.897033691655438
2011-07-20,-14.094236717494471,-5.703482644923855,-5.901297683588147
2011-07-21,-14.09735187492551,-5.722089556741258,-5.957993620695928
2011-07-22,-14.097865314373173,-5.706100499514936,-5.920484335544327
2011-07-23,-14.102280764978499,-5.725829842998663,-5.978534675988931
2011-07-24,-14.090624413917917,-5.6896756075922825,-5.860992243030276
2011-07-25,-14.098392253692536,-5.717729769854704,-5.9721589587766415
2011-07-26,-14.108349576553186,-5.719433331316112,-5.999652806841022
2011-07-27,-14.11467836997913,-5.7149652590970055,-6.0020482933825505
2011-07-28,-14.116541568167966,-5.731744624464247,-6.055775372702632
2011-07-29,-14.115792277531103,-5.713850229792953,-6.01427987288703
2011-07-30,-14.118966481348762,-5.731647928382234,-6.067431874066966
2011-07-31,-14.106121412519077,-5.693588462309744,-5.944203245260418
2011-08-01,-14.11278200869005,-5.719816341827655,-6.04903556786287
2011-08-02,-14.121739582869335,-5.719823485828886,-6.069697891747741
2011-08-03,-14.127198486623167,-5.71383677015363,-6.064922983808442
2011-08-04,-14.128339741272406,-5.729318847268059,-6.111301929331212
2011-08-05,-14.127029772220247,-5.710386563320618,-6.062440239824797
2011-08-06,-14.129812764919285,-5.727437209724297,-6.108362036399377
2011-08-07,-14.11674884061631,-5.688945463422084,-5.978183626371352
2011-08-08,-14.123360470974141,-5.715071563804965,-6.0764778050932815
2011-08-09,-14.132431264961829,-5.715314465089407,-6.091128422284893
2011-08-10,-14.13815290091772,-5.709899124497256,-6.080963952969545
2011-08-11,-14.139689170621894,-5.726277297254362,-6.122649998528448
2011-08-12,-14.138885257837588,-5.708546165610112,-6.069843919852346
2011-08-13,-14.142260753428458,-5.727075033882569,-6.112598202065898
2011-08-14,-14.129848585547581,-5.690302932351839,-5.980033880306593
2011-08-15,-14.137142261684854,-5.7183476607330475,-6.0767053516119605
2011-08-16,-14.146895531630317,-5.72065998736663,-6.090456086922944
2011-08-17,-14.153270218604725,-5.717412136965781,-6.080053940584329
2011-08-18,-14.155401159162706,-5.735999906362505,-6.122085924126198
2011-08-19,-14.155106348266678,-5.720462700626503,-6.07011557329688
2011-08-20,-14.15888076649866,-5.741111684455183,-6.114089422850468
2011-08-21,-14.146736044400383,-5.7063288532474274,-5.983013824081423
2011-08-22,-14.154148339528108,-5.736177515926011,-6.081323328961016
2011-08-23,-14.163858516986252,-5.740057867763348,-6.096740049910458
2011-08-24,-14.170020365821248,-5.738096749971973,-6.087912586864485
2011-08-25,-14.171765780852171,-5.7576509021907185,-6.131314284927576
2011-08-26,-14.170914999459585,-5.742727970604212,-6.080403853320412
2011-08-27,-14.173970367760356,-5.7636154414076834,-6.125034769758402
2011-08-28,-14.160955793025554,-5.728680283976971,-5.994134625351517
2011-08-29,-14.16736426413984,-5.757979781414342,-6.092075566604845
2011-08-30,-14.17595754123956,-5.760917218361612,-6.106535190706415
2011-08-31,-14.180913761145549,-5.757631520724164,-6.09613644872686
2011-09-01,-14.181391905852424,-5.775500157600599,-6.137346299727724
2011-09-02,-14.179241244224784,-5.75855957847546,-6.083636143335126
2011-09-03,-14.180994244310174,-5.777133371554601,-6.124890468848563
2011-09-04,-14.166705137807924,-5.739630949177039,-5.990084906453097
2011-09-05,-14.17189654416823,-5.766157264335607,-6.083654883065728
2011-09-06,-14.179358281401798,-5.766167258627205,-6.093354298984264
2011-09-07,-14.183294135688758,-5.75985416993153,-6.077892852104538
2011-09-08,-14.182885561329439,-5.7746510460670795,-6.113831834788921
2011-09-09,-14.180000443587456,-5.754649774748633,-6.054741520488879
2011-09-10,-14.181185441724539,-5.770227853302243,-6.090606672560082
2011-09-11,-14.166504110576694,-5.729845740912534,-5.950501457151088
2011-09-12,-14.17148322140891,-5.753655332568199,-6.038955058190039
2011-09-13,-14.178911418464745,-5.7511532874906015,-6.043807502460581
2011-09-14,-14.182985988444736,-5.742568369272573,-6.023844407015239
2011-09-15,-14.182876715264948,-5.755362168602129,-6.055690550676423
2011-09-16,-14.180434949091401,-5.733647538571167,-5.992965452370522
2011-09-17,-14.182186399127211,-5.747814980233519,-6.025687541444123
2011-09-18,-14.168169836628646,-5.70632982958477,-5.882948240173233
2011-09-19,-14.17388411328681,-5.729340787504018,-5.96927727931656
2011-09-20,-14.182087612497561,-5.726333521777586,-5.972498761461437
2011-09-21,-14.186945889084678,-5.717518488850878,-5.951366674916175
2011-09-22,-14.187596445982956,-5.7303323309964656,-5.982459734525937
2011-09-23,-14.185858751511645,-5.708857158543797,-5.919338691662369
2011-09-24,-14.188227980526483,-5.723447929911123,-5.9519526441798565
2011-09-25,-14.17471463963487,-5.682530751827693,-5.80931559995559
2011-09-26,-14.180792455935064,-5.706212609457172,-5.895874538022194
2011-09-27,-14.189198622446225,-5.703936221564292,-5.8993683972389945
2011-09-28,-14.194082133421794,-5.695869133191696,-5.878466604997086
2011-09-29,-14.194569138274423,-5.709406366131023,-5.909666929285567
2011-09-30,-14.192473401094825,-5.6885909021859185,-5.846455703280522
2011-10-01,-14.194290335987233,-5.7037421790251495,-5.8787168628558595
2011-10-02,-14.180036769273228,-5.663255390673612,-5.7354109655871195
2011-10-03,-14.185198803073094,-5.687212075444572,-5.820945358088959
2011-10-04,-14.192531872787713,-5.685035663689337,-5.823034854573805
2011-10-05,-14.196208735356832,-5.67688107982663,-5.8003414842071
2011-10-06,-14.195384324925845,-5.69013770614464,-5.829373049384585
2011-10-07,-14.1919055748167,-5.668849976131833,-5.763643517886734
2011-10-08,-14.192304691623884,-5.683345775595816,-5.793081678859481
2011-10-09,-14.17663805135345,-5.64203544779735,-5.646709236873101
2011-10-10,-14.180433113743078,-5.6650218951422415,-5.729009532572172
2011-10-11,-14.186487471103769,-5.661755464805397,-5.727786289905631
2011-10-12,-14.189015793933889,-5.6524227325526155,-5.701800999005236
2011-10-13,-14.18721363620288,-5.664448516286217,-5.727668741304761
2011-10-14,-14.182966225667437,-5.641915414629217,-5.65901555545822
2011-10-15,-14.182840751022795,-5.655191079117565,-5.685883858658327
2011-10-16,-14.166924340631716,-5.6127260484149595,-5.537407188878284
2011-10-17,-14.170770152001351,-5.634662670258334,-5.618175551883691
2011-10-18,-14.177195709004666,-5.630488831720103,-5.616090869689311
2011-10-19,-14.18042926686037,-5.620425644386079,-5.590001234830837
2011-10-20,-14.179673182202805,-5.631928446534707,-5.6165938682498675
2011-10-21,-14.176812424362756,-5.609105445579662,-5.549549963871695
2011-10-22,-14.178406746498124,-5.622344233912544,-5.578948009892401
2011-10-23,-14.164528714088458,-5.58010902709096,-5.433936916469408
2011-10-24,-14.170710008634464,-5.602549166018968,-5.519100284727621
2011-10-25,-14.179740138199787,-5.5991526146403245,-5.522311350243979
2011-10-26,-14.185813325595207,-5.590133605397942,-5.502367326225599
2011-10-27,-14.188092538736635,-5.602933794791452,-5.5358830487311
2011-10-28,-14.18841878327474,-5.581641247158055,-5.476447095097674
2011-10-29,-14.193304157323968,-5.5966174694698605,-5.514026937479435
2011-10-30,-14.182770844710738,-5.556295330858,-5.37764441760634
2011-10-31,-14.192298441757016,-5.580788388837498,-5.47174281976877
2011-11-01,-14.204623725271661,-5.579545330215174,-5.484045004514506
2011-11-02,-14.213888608053368,-5.572738652209667,-5.473191246731667
2011-11-03,-14.21920522201953,-5.587766916959595,-5.515636590242218
2011-11-04,-14.222366225323606,-5.568674866793147,-5.464810793633558
2011-11-05,-14.229838810802747,-5.585781591559056,-5.510527329167617
2011-11-06,-14.22160457146831,-5.547479550375389,-5.381662619892789
2011-11-07,-14.233107599600226,-5.573844939430538,-5.482526692805473
2011-11-08,-14.24705491131935,-5.574293085324825,-5.50072461588085
2011-11-09,-14.257564930129805,-5.568967963615924,-5.494797275023868
2011-11-10,-14.263732959968502,-5.585245153208848,-5.541121224851958
2011-11-11,-14.267341737940413,-5.567152495364474,-5.493070621323976
2011-11-12,-14.274855541362248,-5.584998634455839,-5.540427644629762
2011-11-13,-14.266260005553113,-5.547172233454845,-5.412062558748093
2011-11-14,-14.27701003300244,-5.573752351439274,-5.512304562536479
2011-11-15,-14.289829893012508,-5.5741636633819835,-5.5288027935022654
2011-11-16,-14.298861255429529,-5.568565627728212,-5.520166050117448
2011-11-17,-14.30322810169492,-5.584354923126344,-5.562860992595536
2011-11-18,-14.304746618283579,-5.565585438359885,-5.510371871606195
2011-11-19,-14.309918563812706,-5.5825960119943066,-5.552608249150486
2011-11-20,-14.298770284242138,-5.543808737653556,-5.418581926640927
2011-11-21,-14.306799775627674,-5.569338348041254,-5.512774314658532
2011-11-22,-14.316775912733956,-5.568646385965411,-5.522993694017325
2011-11-23,-14.322885606238465,-5.561929297252594,-5.508011028978648
2011-11-24,-14.324297850338775,-5.576619796866,-5.544454191511817
2011-11-25,-14.322872783456845,-5.556805821969173,-5.485963746457082
2011-11-26,-14.325154269622342,-5.572857297072513,-5.522596860970993
2011-11-27,-14.311208189598062,-5.53322355395178,-5.383500648660321
2011-11-28,-14.316568853925395,-5.55804194366135,-5.473276272010815
2011-11-29,-14.32403766677414,-5.556791369887945,-5.479833333353468
2011-11-30,-14.327829811620141,-5.549679895747507,-5.462023285292708
2011-12-01,-14.327137926486436,-5.564145788338865,-5.496531777315949
2011-12-02,-14.323840894973467,-5.544276323247008,-5.437033132597974
2011-12-03,-14.324496261842544,-5.560434577831177,-5.47359354784855
2011-12-04,-14.309178461144722,-5.521057054867692,-5.335344340778004
2011-12-05,-14.313425265893791,-5.546262667982264,-5.426846567397537
2011-12-06,-14.320036583074963,-5.545506807659274,-5.435946522668007
2011-12-07,-14.323221358230079,-5.538969625205518,-5.421410823906118
2011-12-08,-14.322161549141011,-5.554057880419431,-5.459820948346985
2011-12-09,-14.318721285461656,-5.5348246532710865,-5.404730361018949
2011-12-10,-14.319439712815756,-5.551597123843821,-5.446070757059201
2011-12-11,-14.304369698513652,-5.512775235476778,-5.31282866525655
2011-12-12,-14.309024796740047,-5.538441744614498,-5.409413650335979
2011-12-13,-14.316178585810698,-5.538017347660274,-5.423517538060161
2011-12-14,-14.32001213074569,-5.5316499939305315,-5.413753270738278
2011-12-15,-14.319678520102295,-5.546717703127464,-5.456553172648982
2011-12-16,-14.317012583945308,-5.527249161978981,-5.405329671928321
2011-12-17,-14.318524282255336,-5.5435522809627695,-5.449884917886073
2011-12-18,-14.304237932589125,-5.50401350565424,-5.319090461928647
2011-12-19,-14.309639667463983,-5.528708369235631,-5.417258169363619
2011-12-20,-14.317477227693107,-5.527056963350718,-5.43200172593336
2011-12-21,-14.321907839573148,-5.5192134274430655,-5.421877297744266
2011-12-22,-14.322063120532547,-5.53256877039407,-5.463283087512887
2011-12-23,-14.319759116759343,-5.51117129893831,-5.409620810093278
2011-12-24,-14.32148995966286,-5.525354837989401,-5.4507055159755575
2011-12-25,-14.307267308380723,-5.483537545877202,-5.315444933995192
2011-12-26,-14.31256796795496,-5.505831823464401,-5.408209516524359
2011-12-27,-14.320133789225011,-5.501699010376522,-5.41669257928997
2011-12-28,-14.324119598734908,-5.491337987691539,-5.399549134077881
2011-12-29,-14.323658104155603,-5.5021870227560585,-5.4332932069396165
2011-12-30,-14.32056988004806,-5.478343154502298,-5.371456723169089
2011-12-31,-14.321356922485844,-5.490189329727498,-5.40399645307238
2012-01-01,-14.306041941715465,-5.4461921194209015,-5.259970260298421
2012-01-02,-14.310115784720537,-5.466510540306951,-5.343903909962687
2012-01-03,-14.316337096233877,-5.460649700478987,-5.343647904149746
2012-01-04,-14.318879969249478,-5.448848412940547,-5.3180130181840966
2012-01-05,-14.316898533558089,-5.45858013542036,-5.343664403259173
2012-01-06,-14.312236590452697,-5.433971555250719,-5.27427740588588
2012-01-07,-14.311420785772302,-5.445429047423152,-5.299941662010968
2012-01-08,-14.294499494483496,-5.401435849435491,-5.14983476475421
2012-01-09,-14.296989813096037,-5.422160489194171,-5.228586812350544
2012-01-10,-14.301676773333686,-5.417110192320692,-5.224135344560441
2012-01-11,-14.302760533461626,-5.406518416418947,-5.195359372262594
2012-01-12,-14.299420501631847,-5.417845870678212,-5.218972387444277
2012-01-13,-14.293524505712542,-5.39519933594611,-5.148677515791913
2012-01-14,-14.29162150855169,-5.408958506265466,-5.17457137178337
2012-01-15,-14.273780049066284,-5.367573685134549,-5.025817907870984
2012-01-16,-14.275534812984874,-5.3911748595111115,-5.107013548188542
2012-01-17,-14.279685454435665,-5.389225862157863,-5.106043090835704
2012-01-18,-14.280443432665914,-5.381912752070719,-5.081715052111132
2012-01-19,-14.2769958261021,-5.396645751954446,-5.110656302466853
2012-01-20,-14.271214245857907,-5.3774790373841554,-5.046469114007
2012-01-21,-14.269647354881194,-5.3947385775575185,-5.079137133268229
2012-01-22,-14.252359179772784,-5.35682083973429,-4.937701522186852
2012-01-23,-14.254875624933748,-5.383802859621194,-5.026628507656293
2012-01-24,-14.259983315037642,-5.38509736840038,-5.033667773520615
2012-01-25,-14.261876533690634,-5.380842087522493,-5.017490319095067
2012-01-26,-14.25972122264389,-5.398402513256156,-5.0545855866072165
2012-01-27,-14.255364164230048,-5.381792470622812,-4.998420932806157
2012-01-28,-14.255325852045262,-5.401302623818822,-5.0388499174177825
2012-01-29,-14.239639233901325,-5.365299744823902,-4.904790614454571
2012-01-30,-14.243796731789717,-5.393837234567898,-5.0005951544592495
2012-01-31,-14.250549658016496,-5.3963105820426325,-5.013909904117073
2012-02-01,-14.254055786642388,-5.392846869729724,-5.0033148849788756
2012-02-02,-14.253444034058827,-5.410807647076528,-5.045222216433976
2012-02-03,-14.250524359173108,-5.3942094537522,-4.99303664591355
2012-02-04,-14.251781374558094,-5.413352184092162,-5.036564631567505
2012-02-05,-14.237213837699,-5.376618100704323,-4.904693180458924
2012-02-06,-14.242282411261101,-5.404081999631636,-5.0017596515844565
2012-02-07,-14.249709795126412,-5.4051662219423,-5.0154119351146935
2012-02-08,-14.253628972704028,-5.400029630796825,-5.004247617893164
2012-02-09,-14.253148508891721,-5.4160698872963895,-5.044711931487377
2012-02-10,-14.250062994305505,-5.3973433190438085,-4.99025755940707
2012-02-11,-14.250847112286307,-5.414192585358326,-5.030752784375694
2012-02-12,-14.235495484402477,-5.375044959748262,-4.895159196050466
2012-02-13,-14.239470671781838,-5.400021744512359,-4.987900187175409
2012-02-14,-14.245503425627955,-5.398592524472214,-4.9967196693481295
2012-02-15,-14.24774092255058,-5.390963390477197,-4.980319639066615
2012-02-16,-14.245311918013865,-5.404578476917534,-5.015256411735165
2012-02-17,-14.240036911451826,-5.383539117306215,-4.955098622189428
2012-02-18,-14.23842180165098,-5.398230831142592,-4.9898334951473355
2012-02-19,-14.220497193430829,-5.357120971008914,-4.848542628997489
2012-02-20,-14.221765741476482,-5.380367552171461,-4.935768544418876
2012-02-21,-14.22500163630919,-5.377472978141966,-4.939371453014747
2012-02-22,-14.224397982585044,-5.368671798365307,-4.9181649011158095
2012-02-23,-14.21913102024748,-5.381431846884999,-4.948810131341062
2012-02-24,-14.211069301626445,-5.359873069808064,-4.884972285780781
2012-02-25,-14.206766324532705,-5.37439425771949,-4.916724979753523
2012-02-26,-14.186298805253399,-5.333470514158838,-4.773224515168901
2012-02-27,-14.18521300107941,-5.357261983861399,-4.859075010470198
2012-02-28,-14.18632321145405,-5.3552675549394575,-4.86218392732507
2012-02-29,-14.183858231775861,-5.34771267121489,-4.84139667338425
2012-03-01,-14.177024733353656,-5.36205060292157,-4.873390146546578
2012-03-02,-14.167715704116887,-5.342381482304622,-4.811828365687684
2012-03-03,-14.162502469595251,-5.35907931827684,-4.846766735522454
2012-03-04,-14.141472494962844,-5.320589818557756,-4.7073262304614865
2012-03-05,-14.140175391599623,-5.347039539565261,-4.798058786719246
2012-03-06,-14.141421267602285,-5.347890074035786,-4.80680339103351
2012-03-07,-14.13942720279898,-5.343326407569474,-4.792321548807382
2012-03-08,-14.133380824225036,-5.360758786471524,-4.831191995440491
2012-03-09,-14.125149114906272,-5.3442423966880535,-4.776967788450233
2012-03-10,-14.121270969458834,-5.364105060406491,-4.819582314769569
2012-03-11,-14.101795687107996,-5.32874577026897,-4.688025478548507
2012-03-12,-14.102229811381443,-5.35824457215515,-4.786711332921142
2012-03-13,-14.105336437988873,-5.3620174963986935,-4.803336612063652
2012-03-14,-14.10528275018761,-5.360205657814948,-4.796518808351886
2012-03-15,-14.101204733480147,-5.380177855486222,-4.842693614798007
2012-03-16,-14.094917176086842,-5.365950960227447,-4.79527482182613
2012-03-17,-14.092907440635354,-5.387818284133743,-4.844063150002581
2012-03-18,-14.075175168625291,-5.354148739914521,-4.717925228030346
2012-03-19,-14.077180297620812,-5.3849972888652795,-4.821163921247705
2012-03-20,-14.081643483862088,-5.389760365638521,-4.84137940779682
2012-03-21,-14.082694661991054,-5.388565389142535,-4.8371095884532105
2012-03-22,-14.079438668067063,-5.408773680412909,-4.884729593273773
2012-03-23,-14.073666009252957,-5.394401066486759,-4.837613420292532
2012-03-24,-14.071847245776157,-5.415746357283407,-4.885544138725954
2012-03-25,-14.053973130651768,-5.381190497545897,-4.757393822914891
2012-03-26,-14.055502875264086,-5.41080688902817,-4.857494386568079
2012-03-27,-14.05916462620193,-5.41401656961167,-4.873498687425946
2012-03-28,-14.059103882538508,-5.4109773595553134,-4.864020470970868
2012-03-29,-14.054448782125935,-5.429086299063575,-4.90553290951519
2012-03-30,-14.047020347561581,-5.412399662076415,-4.851528776257647
2012-03-31,-14.043326169443462,-5.43126074168955,-4.891928702687762
2012-04-01,-14.023399688879222,-5.394098220129446,-4.755758713119304
2012-04-02,-14.022747467901322,-5.421035631689248,-4.847518244958261
2012-04-03,-14.02414855731667,-5.42154562067297,-4.855038074801131
2012-04-04,-14.0218017182965,-5.415838121813269,-4.837116779149942
2012-04-05,-14.014889455693961,-5.431361806176633,-4.87041555529239
2012-04-06,-14.00528698472299,-5.412223097495715,-4.8086145188905105
2012-04-07,-13.999554640358994,-5.428812975141437,-4.841817009681614
2012-04-08,-13.977775923122783,-5.389604397788625,-4.699223186398255
2012-04-09,-13.975503600729281,-5.414760877132704,-4.7854942090961705
2012-04-10,-13.97555800429064,-5.413789923982843,-4.7886065187322435
2012-04-11,-13.972173302108478,-5.4069305132845775,-4.767484930461142
2012-04-12,-13.96456073264178,-5.421653928498511,-4.798894449640051
2012-04-13,-13.954616938124229,-5.402082305519368,-4.736594004047798
2012-04-14,-13.948915923752285,-5.418615105010551,-4.770738692194982
2012-04-15,-13.927546846966804,-5.37972635688653,-4.630551886842745
2012-04-16,-13.92606006217982,-5.405573212680885,-4.720688537778804
2012-04-17,-13.927265560353467,-5.405649530958557,-4.729089215957451
2012-04-18,-13.925379582003467,-5.400173641447887,-4.714613633005131
2012-04-19,-13.919588375681835,-5.416589643649583,-4.753933547075836
2012-04-20,-13.911757229060868,-5.3989865516792435,-4.70068823464955
2012-04-21,-13.908423278737548,-5.417725502131702,-4.744889098256048
2012-04-22,-13.88963428052836,-5.381237853187636,-4.6155947038234
2012-04-23,-13.890895739499054,-5.409634692057236,-4.717277531512673
2012-04-24,-13.894970510368644,-5.412361454552726,-4.737681908417088
2012-04-25,-13.896026616192929,-5.4095867788441945,-4.735461771407195
2012-04-26,-13.893202225633509,-5.428704923836612,-4.787078075332035
2012-04-27,-13.888315883945374,-5.413756037500833,-4.745958922519636
2012-04-28,-13.887860472429317,-5.435054465076134,-4.801908874526661
2012-04-29,-13.871843048194954,-5.400987898705488,-4.6837886280213095
2012-04-30,-13.875732935804164,-5.431627859841965,-4.795886226860876
2012-05-01,-13.882262156743765,-5.436385194024634,-4.825779169738175
2012-05-02,-13.885573923587074,-5.43539967809907,-4.831975958287323
2012-05-03,-13.884788122305132,-5.456043051142821,-4.8908168057447226
2012-05-04,-13.881711865663217,-5.442339738590435,-4.855636497805923
2012-05-05,-13.882833585219336,-5.464595447435948,-4.9161757954327046
2012-05-06,-13.868162811690746,-5.431196426185854,-4.801262505351973
2012-05-07,-13.8731780183773,-5.462219877436408,-4.915183350880682
2012-05-08,-13.880626621808247,-5.467089203771998,-4.945545980921887
2012-05-09,-13.884672879557497,-5.465963192754952,-4.950919659177574
2012-05-10,-13.8844626262706,-5.486238462464189,-5.007734369793144
2012-05-11,-13.88183295243229,-5.471969451569223,-4.969441365984616
2012-05-12,-13.88330531839489,-5.493496150269779,-5.025921604404926
2012-05-13,-13.868924281158334,-5.459242387752519,-4.906163260943439
2012-05-14,-13.87420423827041,-5.489325189000867,-5.014629545868894
2012-05-15,-13.881928313833406,-5.493208908980084,-5.039116254753181
2012-05-16,-13.886295157672324,-5.491093278953462,-5.03838770670849
2012-05-17,-13.88648262925633,-5.510414716292995,-5.089070923864576
2012-05-18,-13.884356500049874,-5.495265211805123,-5.04481120159757
2012-05-19,-13.886462693762432,-5.516019020270378,-5.095675637372388
2012-05-20,-13.872865266002696,-5.481129997770115,-4.970825937964299
2012-05-21,-13.879092548130055,-5.510740124343692,-5.074881842778411
2012-05-22,-13.887935596570253,-5.514332942791508,-5.0957747121495105
2012-05-23,-13.89359473034682,-5.51212106762082,-5.092380034281566
2012-05-24,-13.895243135219248,-5.531547130637846,-5.141408793843813
2012-05-25,-13.894735669831013,-5.516702487805626,-5.096560925408409
2012-05-26,-13.898601389951914,-5.53795391879918,-5.147927475838364
2012-05-27,-13.886881983931383,-5.503741163500093,-5.024662832642331
2012-05-28,-13.89507853100449,-5.5341858295214195,-5.131348373201819
2012-05-29,-13.905950706178036,-5.538745392075659,-5.155847080295044
2012-05-30,-13.913664193017723,-5.537601425852893,-5.156937853475464
2012-05-31,-13.917355258005788,-5.558161416592617,-5.211209415060626
2012-06-01,-13.918840594554748,-5.544478454143951,-5.172216970581869
2012-06-02,-13.924610923609702,-5.5668790121898795,-5.229888166911708
2012-06-03,-13.914670513783825,-5.533761629885224,-5.1131996086921445
2012-06-04,-13.924485002315523,-5.565206998529187,-5.2265451784952415
2012-06-05,-13.936781610885015,-5.570633142467771,-5.257595586399014
2012-06-06,-13.94569748940758,-5.570184801489394,-5.264937751598158
2012-06-07,-13.950345115536594,-5.591236330591698,-5.324973783969123
2012-06-08,-13.952522835009145,-5.577812388568167,-5.291082594082363
2012-06-09,-13.958709010430086,-5.600216592557239,-5.3530305464710555
2012-06-10,-13.948901926247588,-5.566830928849822,-5.239652294641783
2012-06-11,-13.958567820578256,-5.59772640191754,-5.3552229306368915
2012-06-12,-13.970441132134697,-5.602318594094207,-5.387320774680458
2012-06-13,-13.97867269458475,-5.600757231299818,-5.394469322502594
2012-06-14,-13.982394810297338,-5.620429064061524,-5.453038050630497
2012-06-15,-13.983431297708865,-5.605378334127749,-5.4164050597027575
2012-06-16,-13.988290993624478,-5.625935008205481,-5.474367942673467
2012-06-17,-13.977006876151595,-5.5905135789734395,-5.355824009731078
2012-06-18,-13.98508320058382,-5.619222930420097,-5.465141017535526
2012-06-19,-13.995294761254936,-5.621520959892243,-5.490017764223821
2012-06-20,-14.001834038868195,-5.617603076543969,-5.489123123871115
2012-06-21,-14.003875194081314,-5.634903913464585,-5.538993295531498
2012-06-22,-14.003283031247838,-5.617516554781928,-5.493190338511225
2012-06-23,-14.006605443312939,-5.635819492426444,-5.54170848671482
2012-06-24,-13.993911532434796,-5.598274147128696,-5.413649491453614
2012-06-25,-14.000737825913324,-5.625033485448555,-5.513588266372847
2012-06-26,-14.009886725346025,-5.625595459356353,-5.5294283271781985
2012-06-27,-14.015572970367854,-5.620190420638334,-5.520035732798527
2012-06-28,-14.016987095959271,-5.6362818775337065,-5.562131434271681
2012-06-29,-14.016004021286207,-5.6179849217373645,-5.509445228936645
2012-06-30,-14.019175290613505,-5.635692563246672,-5.55211793016045
2012-07-01,-14.006567165636904,-5.597872825718258,-5.419373107735493
2012-07-02,-14.013706988705252,-5.624677147013565,-5.515879763973134
2012-07-03,-14.023381949877843,-5.625593818725868,-5.529605512754062
2012-07-04,-14.029786029492774,-5.620835618401251,-5.5194490240590355
2012-07-05,-14.03208408113041,-5.637840997384316,-5.562131676007227
2012-07-06,-14.03212117482826,-5.620693142126152,-5.5113516267195495
2012-07-07,-14.036415699495505,-5.639747130553517,-5.557186909615381
2012-07-08,-14.024998399410544,-5.6034280151072915,-5.428768879559594
2012-07-09,-14.033359737639111,-5.631840351438317,-5.530647326886875
2012-07-10,-14.0442496912652,-5.634422876899564,-5.550646759618022
2012-07-11,-14.051825721429903,-5.631337459715008,-5.547502532353308
2012-07-12,-14.05521785456119,-5.649971646633705,-5.597756665073325
2012-07-13,-14.056238967123676,-5.634359090417899,-5.554916453244581
2012-07-14,-14.061378747053542,-5.654808041914166,-5.608862352856794
2012-07-15,-14.05064348343648,-5.619700702095296,-5.488526341976217
2012-07-16,-14.059504057040792,-5.649103918456653,-5.598261947531315
2012-07-17,-14.070696220027655,-5.6524248978734555,-5.625705310315238
2012-07-18,-14.078368895365264,-5.6498010282178965,-5.62941584371503
2012-07-19,-14.081649424293992,-5.668603112201474,-5.685776214022179
2012-07-20,-14.082353850774156,-5.652856275379717,-5.6481546390170845
2012-07-21,-14.08698071739369,-5.672868719122065,-5.706315897106994
2012-07-22,-14.075550530255864,-5.637031105867069,-5.589102173001928
2012-07-23,-14.083553275880547,-5.6654270590955225,-5.700804870691964
2012-07-24,-14.09374809300403,-5.667488454371722,-5.729026727831525
2012-07-25,-14.100310848077436,-5.663384604099605,-5.732322768140983
2012-07-26,-14.102398564258502,-5.680524655652119,-5.787099821106378
2012-07-27,-14.10185881682889,-5.662977486436843,-5.746777627237603
2012-07-28,-14.105222595372592,-5.6810992931813225,-5.8011979620919005
2012-07-29,-14.092542817212777,-5.643331693406369,-5.679302964106746
2012-07-30,-14.099340902462341,-5.669810855506325,-5.7855038723977685
2012-07-31,-14.108405540465343,-5.67002137021146,-5.807539598199496
2012-08-01,-14.113939422126794,-5.664184003957136,-5.804113767720945
2012-08-02,-14.11512291170619,-5.679756692135848,-5.85179007561532
2012-08-03,-14.113822792198976,-5.660853093502945,-5.804149082872137
2012-08-04,-14.116584602659325,-5.677868939124218,-5.851193010393644
2012-08-05,-14.103470766298493,-5.639279027319109,-5.722019830490807
2012-08-06,-14.110006929984834,-5.665245411009866,-5.821187975690161
2012-08-07,-14.118980650846447,-5.66527051590719,-5.836571194659523
2012-08-08,-14.124588205903772,-5.659584350691675,-5.826992289251207
2012-08-09,-14.125998495217779,-5.675645182202527,-5.869115655591231
2012-08-10,-14.125062165178623,-5.657558005943766,-5.816601832125205
2012-08-11,-14.12830445860698,-5.675701048067947,-5.859510658535388
2012-08-12,-14.115763974992722,-5.638523146733151,-5.726974382741343
2012-08-13,-14.122939742613662,-5.666152549430258,-5.823562051843013
2012-08-14,-14.132590716532423,-5.668050848915245,-5.837134714550586
2012-08-15,-14.138883454506079,-5.66440119753857,-5.826480148335144
2012-08-16,-14.140956915902748,-5.682610146629289,-5.868206995772178
2012-08-17,-14.140632484092926,-5.66672741060648,-5.81590145809348
2012-08-18,-14.144407692813159,-5.687073757880514,-5.859533080236009
2012-08-19,-14.132295814388378,-5.652039839811812,-5.728130882394854
2012-08-20,-14.139773687575692,-5.681696456142002,-5.8261510815718704
2012-08-21,-14.149581877192993,-5.685449940833032,-5.841335830876095
2012-08-22,-14.15587289849376,-5.683431769931031,-5.832351585499939
2012-08-23,-14.157776435613869,-5.7030017014878585,-5.875686874015963
2012-08-24,-14.157109642535401,-5.688168713125114,-5.824812518691945
2012-08-25,-14.160370999128128,-5.709219908668658,-5.869590739269879
2012-08-26,-14.14757987651943,-5.674520178753168,-5.738954302625991
2012-08-27,-14.154224190322916,-5.704123092423672,-5.837276879080491
2012-08-28,-14.163060239025258,-5.707426687814856,-5.852233962478898
2012-08-29,-14.168260469850896,-5.704563253631717,-5.842442906381919
2012-08-30,-14.168978114732825,-5.722902407770694,-5.884361813906587
2012-08-31,-14.16705680170188,-5.706471741270803,-5.8314503003878295
2012-09-01,-14.169023634199663,-5.725585207818107,-5.873578555840142
2012-09-02,-14.15492791502002,-5.688642058452355,-5.739705879351846
2012-09-03,-14.160287917729573,-5.7157368187709405,-5.834249872583829
2012-09-04,-14.167889828362705,-5.716314001942477,-5.844945691709718
2012-09-05,-14.171934625655938,-5.71055667873864,-5.8304839667616
2012-09-06,-14.171601868108898,-5.725888243861157,-5.867407195235377
2012-09-07,-14.16875851782852,-5.706391682212685,-5.809267708916943
2012-09-08,-14.169951316595073,-5.722436552381458,-5.846033728874486
2012-09-09,-14.155244911426358,-5.682476524572308,-5.706764774137862
2012-09-10,-14.160168150120029,-5.706658007405363,-5.7959777073490075
2012-09-11,-14.167512683758257,-5.704473592544013,-5.801502912678863
2012-09-12,-14.171479654786276,-5.69614947157762,-5.782119307972334
2012-09-13,-14.171243445163894,-5.709146194323317,-5.814448085282634
2012-09-14,-14.168660616446562,-5.687577097966658,-5.7521083578566445
2012-09-15,-14.170262554766085,-5.701834645272089,-5.7851212970886525
2012-09-16,-14.156094011216652,-5.660387524716135,-5.642584081079344
2012-09-17,-14.161659947238704,-5.683389056836041,-5.729034980116121
2012-09-18,-14.169724807279692,-5.680330639647281,-5.732309101153634
2012-09-19,-14.174459979227327,-5.671429385392161,-5.711173504059172
2012-09-20,-14.175008396085955,-5.684129309661563,-5.742221578342196
2012-09-21,-14.17319438739278,-5.662520388488449,-5.679029836972066
2012-09-22,-14.175517268293769,-5.6769657025282605,-5.711563673977192
2012-09-23,-14.161990830736597,-5.635899497339589,-5.5688533564475495
2012-09-24,-14.168091120038302,-5.659436676162666,-5.655361512537575
2012-09-25,-14.176556593210634,-5.657027426900856,-5.658841563069422
2012-09-26,-14.181536394788655,-5.648846102040318,-5.6379757264623125
2012-09-27,-14.182155680705117,-5.662293677577729,-5.669272396562094
2012-09-28,-14.180226078226811,-5.64141807111601,-5.606225957370535
2012-09-29,-14.182239752397159,-5.6565425033181445,-5.63872548803868
2012-09-30,-14.168209229442466,-5.61606469827094,-5.495733537405264
2012-10-01,-14.17361535025789,-5.640067408091536,-5.58165614307306
2012-10-02,-14.181207444341258,-5.6379739356393825,-5.584203463247762
2012-10-03,-14.185151458193893,-5.629937750208629,-5.562029581287915
2012-10-04,-14.184594971337713,-5.643345503025228,-5.591631224416354
2012-10-05,-14.1813771948294,-5.622237708579672,-5.526508415832864
2012-10-06,-14.182022433652373,-5.636937267331516,-5.556573483534954
2012-10-07,-14.166579178157644,-5.595848622370452,-5.410829590702188
2012-10-08,-14.170567215761919,-5.619068038120737,-5.493739964264799
2012-10-09,-14.176776874261792,-5.616038683327767,-5.493087207605603
2012-10-10,-14.1794161541095,-5.6069396269164695,-5.467611290649055
2012-10-11,-14.177674707847833,-5.619188072204424,-5.49390600682383
2012-10-12,-14.173432787690547,-5.596859118529964,-5.425576977495876
2012-10-13,-14.173253669111062,-5.610313252584778,-5.4526477002020375
2012-10-14,-14.157221741777592,-5.567994391734471,-5.304234888139587
2012-10-15,-14.160888684217825,-5.5900389992148005,-5.384914367381536
2012-10-16,-14.167071857109233,-5.58592998645014,-5.38257701233441
2012-10-17,-14.17000069384264,-5.575884544373925,-5.356063409306498
2012-10-18,-14.168880065086535,-5.587355261868304,-5.3820571335630705
2012-10-19,-14.165598753641348,-5.564448851471369,-5.314239812956031
2012-10-20,-14.16672155915099,-5.5775527133144704,-5.342694560878936
2012-10-21,-14.152327231843396,-5.535132185051985,-5.196579103906379
2012-10-22,-14.157954655479239,-5.5573390192687935,-5.280489937762608
2012-10-23,-14.166401414097612,-5.553664820741609,-5.282317046624001
2012-10-24,-14.171870516842997,-5.544328597652173,-5.26087791587901
2012-10-25,-14.17353424932787,-5.556777791860031,-5.2928107485476845
2012-10-26,-14.173243275887696,-5.535107109987698,-5.231730067117728
2012-10-27,-14.177519497038567,-5.549685382476166,-5.267631275729585
2012-10-28,-14.166394843151561,-5.508953289310149,-5.129565483968224
2012-10-29,-14.175358403948024,-5.533032479845337,-5.222005886085651
2012-10-30,-14.187156005959581,-5.531379800503991,-5.232705176213219
2012-10-31,-14.195937988499253,-5.52417576180347,-5.220332662030053
2012-11-01,-14.200824122178297,-5.5388265838305415,-5.26137090807528
2012-11-02,-14.203613769830657,-5.5193841132885675,-5.2092750021770575
2012-11-03,-14.210779770195801,-5.536173808847951,-5.253880924826288
2012-11-04,-14.202308202522824,-5.497593602101602,-5.124084223319075
2012-11-05,-14.213646410503044,-5.5237241300937825,-5.2242101835038826
2012-11-06,-14.227503378614626,-5.523984022510506,-5.241874879808115
2012-11-07,-14.23799819493004,-5.5185193459688175,-5.235625669986451
2012-11-08,-14.24422553083509,-5.534706517921109,-5.281840876151453
2012-11-09,-14.247966227118075,-5.516572959878025,-5.233891664801937
2012-11-10,-14.255681459736643,-5.534425667041118,-5.281552535892938
2012-11-11,-14.247352639838933,-5.496650486334331,-5.153681565891167
2012-11-12,-14.258429426316871,-5.523322588198354,-5.254591555132877
2012-11-13,-14.271629947223087,-5.523861809623552,-5.271911433178881
2012-11-14,-14.2810889705584,-5.518421970347763,-5.264226477817919
2012-11-15,-14.28592296430469,-5.534393479329116,-5.307977094996391
2012-11-16,-14.287940147245113,-5.515823510720208,-5.256619194379607
2012-11-17,-14.293634018258599,-5.533043940613535,-5.300032608291358
2012-11-18,-14.283022534923575,-5.494469854950317,-5.1671987513188515
2012-11-19,-14.291595337404118,-5.520209136059109,-5.26256873648668
2012-11-20,-14.302113132614297,-5.519716830468994,-5.273921378756512
2012-11-21,-14.308754998326267,-5.513183427449434,-5.259999727977546
2012-11-22,-14.310682566279796,-5.528036394493623,-5.297405972143115
2012-11-23,-14.309749204591382,-5.508359278860324,-5.239757843891386
2012-11-24,-14.312492705051405,-5.524518596276149,-5.2770930782644045
2012-11-25,-14.29897366280757,-5.484961346155953,-5.138543218717943
2012-11-26,-14.304721959492205,-5.509823688117558,-5.228698083842268
2012-11-27,-14.312535478008751,-5.508584507345262,-5.23546041645014
2012-11-28,-14.316626819771875,-5.501453020104961,-5.217679440108651
2012-11-29,-14.316186992332822,-5.515869783830883,-5.252043236853048
2012-11-30,-14.313094194208253,-5.495925434992018,-5.192233140063263
2012-12-01,-14.313906206628632,-5.511987385446877,-5.22832673818635
2012-12-02,-14.298698581467953,-5.472497321547484,-5.089470819527821
2012-12-03,-14.303011035892375,-5.4975800408505275,-5.180245588593931
2012-12-04,-14.3096461792744,-5.49669734928258,-5.188519678141955
2012-12-05,-14.31281633853303,-5.490036160721149,-5.173084669080483
2012-12-06,-14.31170744344865,-5.505010149721362,-5.210549004073647
2012-12-07,-14.308188090888148,-5.485679262939304,-5.154494446826461
2012-12-08,-14.308802288547268,-5.50237729886128,-5.194881627904434
2012-12-09,-14.293608057414167,-5.463510376119935,-5.060725941113171
2012-12-10,-14.298124292775283,-5.489166799074112,-5.156465045224069
2012-12-11,-14.30512999821433,-5.488772015823864,-5.169817412020536
2012-12-12,-14.308811647559834,-5.48247778220142,-5.159420544339696
2012-12-13,-14.308327625264065,-5.497664854063881,-5.201728658517976
2012-12-14,-14.305517853449123,-5.4783634857996715,-5.150172891127397
2012-12-15,-14.306897096086066,-5.494881918517164,-5.194570480462673
2012-12-16,-14.292494110093818,-5.455605654224574,-5.063804100335162
2012-12-17,-14.2977990346106,-5.480608003491543,-5.162192520523405
2012-12-18,-14.305563125263749,-5.479305583896977,-5.177351962369028
2012-12-19,-14.309946581766496,-5.4718478686918575,-5.167836710319223
2012-12-20,-14.310083413722591,-5.4856200979835075,-5.210038721970109
2012-12-21,-14.307791448290061,-5.464663824652776,-5.157349256757116
2012-12-22,-14.309565966570764,-5.479305277188404,-5.19956894685812
2012-12-23,-14.295419135845703,-5.437954338881742,-5.065587474266753
2012-12-24,-14.300827627102308,-5.460714638290116,-5.159754028125044
2012-12-25,-14.308532523651072,-5.457038439741853,-5.169737923618247
2012-12-26,-14.312687268822263,-5.447115448496998,-5.154167968538677
2012-12-27,-14.312422597884177,-5.458374861333629,-5.189530356942891
2012-12-28,-14.309556558609486,-5.4349049560151865,-5.129328157348043
2012-12-29,-14.310588108567234,-5.447080425267649,-5.163488875338584
2012-12-30,-14.295536457838903,-5.40336027973572,-5.021041318258665
2012-12-31,-14.299888548501343,-5.423896840789947,-5.106483005500743
2013-01-01,-14.306398778848319,-5.418189538186687,-5.107637578955464
2013-01-02,-14.309236722775843,-5.406472653039016,-5.083290874988379
2013-01-03,-14.307551792160918,-5.416216361684945,-5.110085512734655
2013-01-04,-14.303182949615207,-5.39154539710629,-5.041677139845509
2013-01-05,-14.302651962933147,-5.40286555455533,-5.068138885832254
2013-01-06,-14.28600237349802,-5.3586608842447765,-4.9186353160002305
2013-01-07,-14.288746573912144,-5.379102107309871,-4.997787188427044
2013-01-08,-14.293665107148383,-5.3736999820240525,-4.993526519966267
2013-01-09,-14.294953942409286,-5.36269276911509,-4.96473066554325
2013-01-10,-14.291788680754417,-5.373547156452199,-4.9881152992640505
2013-01-11,-14.286033803591016,-5.350376960687733,-4.917389462521841
2013-01-12,-14.284235461549244,-5.363569829763506,-4.9426592434735905
2013-01-13,-14.26645998267488,-5.321584782859778,-4.793101385320695
2013-01-14,-14.268240502300806,-5.344561114422146,-4.873328120796303
2013-01-15,-14.272375834349614,-5.341972376692917,-4.871242724824542
2013-01-16,-14.27307734697516,-5.334014574429259,-4.845674467338959
2013-01-17,-14.269532803473393,-5.348107914736425,-4.873272825131135
2013-01-18,-14.263615289429534,-5.328316410542625,-4.8076640818926215
2013-01-19,-14.261875731333038,-5.344975541351767,-4.8388568395623
2013-01-20,-14.244381192952778,-5.306490786865625,-4.695917693086071
2013-01-21,-14.246661358644989,-5.332947538919928,-4.783338317825279
2013-01-22,-14.25150732939745,-5.333766085252321,-4.788893411766074
2013-01-23,-14.253118499598957,-5.32909077863088,-4.771278124259131
2013-01-24,-14.250666479365801,-5.346292715292102,-4.807004780539809
2013-01-25,-14.246004185920718,-5.329390203802144,-4.7495619832629465
2013-01-26,-14.245658610231956,-5.348677212447084,-4.788822568799398
2013-01-27,-14.22966944448074,-5.3125225973730785,-4.653721628413196
2013-01-28,-14.233535976988527,-5.340980605905091,-4.7486258055594615
2013-01-29,-14.240016375973132,-5.343446340041819,-4.76119327795891
2013-01-30,-14.243275123764928,-5.340045287699858,-4.750013027518433
2013-01-31,-14.242447558053026,-5.35813624226919,-4.791503183726314
2013-02-01,-14.239349633563162,-5.3417318907184725,-4.739071503222202
2013-02-02,-14.240471398577313,-5.361127259889165,-4.782524449811233
2013-02-03,-14.225816358541731,-5.324698826965862,-4.650746076397769
2013-02-04,-14.230849118784246,-5.35251479436111,-4.748067916045169
2013-02-05,-14.238295412093498,-5.353990221619926,-4.76212929102828
2013-02-06,-14.242290256494524,-5.349276131062852,-4.75151664701581
2013-02-07,-14.241943183179139,-5.365761918134318,-4.792661705508867
2013-02-08,-14.239048631457973,-5.347495358074238,-4.739001507728847
2013-02-09,-14.240079989097987,-5.364810410616707,-4.780386827264956
2013-02-10,-14.225029435154948,-5.3261256411805205,-4.645760168144019
2013-02-11,-14.22935596351101,-5.351553771415936,-4.7395245724761725
2013-02-12,-14.235785680788817,-5.350556064252599,-4.749402664927342
2013-02-13,-14.238460114000368,-5.343330672396006,-4.734074560668504
2013-02-14,-14.236501460358415,-5.357314292989034,-4.770074450385185
2013-02-15,-14.231722871318775,-5.336601431158513,-4.7109489567301965
2013-02-16,-14.230622247382911,-5.351571484490982,-4.746663761347157
2013-02-17,-14.213221702062382,-5.310686476397033,-4.60627974151716
2013-02-18,-14.215015077719213,-5.334099959806696,-4.694319863463678
2013-02-19,-14.218767614678484,-5.331310803980716,-4.698626282959573
2013-02-20,-14.218663519838808,-5.322551000076286,-4.67799630377032
2013-02-21,-14.213870381057347,-5.335286833934188,-4.709077031874361
2013-02-22,-14.206248535964262,-5.313637733649788,-4.645521844661609
2013-02-23,-14.202343890735461,-5.328003007944095,-4.677395199457028
2013-02-24,-14.18222636823873,-5.28685930642768,-4.533847045901693
2013-02-25,-14.181436390835296,-5.31036932555831,-4.619478114871308
2013-02-26,-14.18278352283529,-5.308035474681474,-4.6221955600982625
2013-02-27,-14.18049304290976,-5.300087638691737,-4.600847628186446
2013-02-28,-14.17376941670009,-5.3139843859898015,-4.63211721935598
2013-03-01,-14.164504801527167,-5.29383192883997,-4.569677481360353
2013-03-02,-14.159271100658238,-5.310011051008317,-4.6035959824815675
2013-03-03,-14.13815776657745,-5.27097483196706,-4.46300874752362
2013-03-04,-14.136717776121797,-5.2968576889511425,-4.552485446075845
2013-03-05,-14.137765917112244,-5.297129448015879,-4.559885222446187
2013-03-06,-14.135525168030204,-5.2919835766262295,-4.5439918522142335
2013-03-07,-14.129190148484444,-5.308838921651194,-4.58140809247661
2013-03-08,-14.120635775861485,-5.291759254221357,-4.525712367860141
2013-03-09,-14.116409644925168,-5.311080829833994,-4.566864332342669
2013-03-10,-14.096570324864544,-5.275210785609746,-4.433880579005017
2013-03-11,-14.096633987494833,-5.30423688773212,-4.531201769036018
2013-03-12,-14.099373493021023,-5.307582331109227,-4.546550645155489
2013-03-13,-14.098965697894183,-5.305394713872853,-4.538569583925775
2013-03-14,-14.094555942041268,-5.325048519931747,-4.583717517465437
2013-03-15,-14.087967827415916,-5.310565399757696,-4.535429324418859
2013-03-16,-14.085696778748053,-5.33224244600572,-4.583524182838536
2013-03-17,-14.067749553278246,-5.298451273762444,-4.456884105318043
2013-03-18,-14.069592084314804,-5.329248406206934,-4.559823872390702
2013-03-19,-14.073949755716997,-5.334030655562358,-4.57995177158325
2013-03-20,-14.074955842822977,-5.332924610123733,-4.575809737543068
2013-03-21,-14.071717049126539,-5.353289549341862,-4.623772664723348
2013-03-22,-14.066024224431798,-5.339138066778074,-4.577209934877322
2013-03-23,-14.064346731587706,-5.360764588307966,-4.625895597245853
2013-03-24,-14.046672607891914,-5.32654458757477,-4.498688371328931
2013-03-25,-14.048456888942471,-5.356544993363802,-4.5999026435188295
2013-03-26,-14.05242217909436,-5.360179474594521,-4.617169827341022
2013-03-27,-14.052707195577204,-5.3575977116735345,-4.609078653411176
2013-03-28,-14.048432211861321,-5.376187976463658,-4.652074140721285
2013-03-29,-14.041409487166812,-5.359997303396285,-4.599618281965965
2013-03-30,-14.038137155283545,-5.379359444348497,-4.641598882330313
2013-03-31,-14.018638729639335,-5.342693417053782,-4.507007734615478
2013-04-01,-14.018410607789237,-5.370113151986937,-4.600309326650262
2013-04-02,-14.020221679061521,-5.371081936064893,-4.60929948692727
2013-04-03,-14.018260785708103,-5.365800776759736,-4.592742581886851
2013-04-04,-14.011700989576195,-5.3817100256886,-4.627267074152891
2013-04-05,-14.002408760106148,-5.362908562684811,-4.566522541523096
2013-04-06,-13.996936587481516,-5.37978075273632,-4.600584671272485
2013-04-07,-13.975361209497065,-5.340794006220599,-4.458629494335978
2013-04-08,-13.973229867102468,-5.3661074684652394,-4.545298141736529
2013-04-09,-13.973358723479965,-5.365225558021971,-4.548551618421361
2013-04-10,-13.969979226654456,-5.35838549773972,-4.527304297825263
2013-04-11,-13.962301395059818,-5.373058197142106,-4.558316034895085
2013-04-12,-13.952222166308056,-5.353366804981024,-4.495346082057456
2013-04-13,-13.946317333821918,-5.369713160189383,-4.5285554014935
2013-04-14,-13.92467927657038,-5.330574985004679,-4.387178709058461
2013-04-15,-13.92286290893309,-5.356114356750677,-4.475887593008858
2013-04-16,-13.92368399269118,-5.355831184896196,-4.482644251746548
2013-04-17,-13.921365593155603,-5.34995084121678,-4.4663345896830124
2013-04-18,-13.915101655684357,-5.36592530162157,-4.503660590252137
2013-04-19,-13.9067658345535,-5.347852114803051,-4.448295156502457
2013-04-20,-13.902904085664778,-5.366101418432414,-4.490286002699072
2013-04-21,-13.883573210598058,-5.329113835485989,-4.358729906358761
2013-04-22,-13.884287757217825,-5.35700977250981,-4.458138622288919
2013-04-23,-13.887819393499855,-5.359243828545584,-4.47629594623983
2013-04-24,-13.888344508418594,-5.355993441816028,-4.471894596798961
2013-04-25,-13.885008985879214,-5.374661109627136,-4.521432751670801
2013-04-26,-13.879638252102529,-5.35929447169524,-4.4783733353143775
2013-04-27,-13.878731075936638,-5.380214451413377,-4.5325525394624195
2013-04-28,-13.862299277997327,-5.345814260822885,-4.41285877802287
2013-04-29,-13.865815723483195,-5.376169764320392,-4.523603266553986
2013-04-30,-13.872014687022757,-5.380694883778109,-4.552381601858001
2013-05-01,-13.87504031789269,-5.37953114753033,-4.557714900356732
2013-05-02,-13.874012129577471,-5.400050696093053,-4.615950226341451
2013-05-03,-13.870735596136686,-5.386277014890046,-4.580423309630591
2013-05-04,-13.87169632146029,-5.4085135717878545,-4.640869946950052
2013-05-05,-13.856899928818665,-5.37514315217191,-4.526107213846167
2013-05-06,-13.86182004217699,-5.406238377643029,-4.640405617260889
2013-05-07,-13.869198449453929,-5.411217086421872,-4.6713515205741105
2013-05-08,-13.873193183023647,-5.4102316778656245,-4.677488373685073
2013-05-09,-13.87294345332897,-5.430671738511132,-4.735216471656583
2013-05-10,-13.870279534571873,-5.416584229008765,-4.697954252843752
2013-05-11,-13.871716089203952,-5.438301423190161,-4.755547561068385
2013-05-12,-13.857291102836163,-5.404239409503264,-4.636948047223915
2013-05-13,-13.862512828151036,-5.4345076620367765,-4.746581906287294
2013-05-14,-13.870158857263368,-5.43856338349508,-4.772208363166314
2013-05-15,-13.874423088441302,-5.43659974932171,-4.772556535419667
2013-05-16,-13.874479554173915,-5.456047399028844,-4.824220503390742
2013-05-17,-13.87219124031962,-5.440993483843367,-4.780815714594969
2013-05-18,-13.87410241263208,-5.461808491986475,-4.832383268848202
2013-05-19,-13.860276649854292,-5.4269436914357545,-4.708063384406782
2013-05-20,-13.866243006776264,-5.456539725742779,-4.812459365711254
2013-05-21,-13.87479444808105,-5.460080091598321,-4.833491607338606
2013-05-22,-13.880134336253539,-5.457778650929268,-4.830030376775318
2013-05-23,-13.881439953414812,-5.477080543766491,-4.878787311515743
2013-05-24,-13.880571194862034,-5.462080827205847,-4.833468849914541
2013-05-25,-13.884062953614878,-5.4831510735522535,-4.884178220023259
2013-05-26,-13.871963393047084,-5.448736774462281,-4.760087347430162
2013-05-27,-13.879780523844085,-5.478966088609699,-4.865800044833473
2013-05-28,-13.890281214120224,-5.48330365838967,-4.889206040220934
2013-05-29,-13.89763839948566,-5.4819386401913075,-4.889114587996042
2013-05-30,-13.900995452415223,-5.502286301326219,-4.94214757958478
2013-05-31,-13.902175824739398,-5.488407491201467,-4.90189533366255
2013-06-01,-13.907676455819486,-5.510636197947401,-4.958321631522289
2013-06-02,-13.897507114718817,-5.477378011862071,-4.840439281944658
2013-06-03,-13.907138062614811,-5.508720004816286,-4.952677485557638
2013-06-04,-13.91930013389897,-5.514085720585346,-4.982740449111079
2013-06-05,-13.92813297282007,-5.513624388725161,-4.989245876546881
2013-06-06,-13.932750356373477,-5.534713682669741,-5.048623127970057
2013-06-07,-13.93495069068209,-5.521380297593488,-5.014274096460405
2013-06-08,-13.941211149671156,-5.5439285284671325,-5.07598323672515
2013-06-09,-13.931527604052638,-5.510739640974002,-4.962597900464891
2013-06-10,-13.94136271059369,-5.541882518641888,-5.078400124439685
2013-06-11,-13.953446248312606,-5.5467692589856235,-5.110969206362061
2013-06-12,-13.961923431442738,-5.545544813368885,-5.118823591977173
2013-06-13,-13.965920127822764,-5.565589978122518,-5.178321775387782
2013-06-14,-13.967253072935279,-5.550942004505276,-5.142825190410539
2013-06-15,-13.97242355629615,-5.571923005397063,-5.202109473568714
2013-06-16,-13.961456740807156,-5.536938954401314,-5.085045220452774
2013-06-17,-13.969849001976964,-5.566089769211872,-5.195969369398285
2013-06-18,-13.980367394438815,-5.568824165851957,-5.222546557060488
2013-06-19,-13.987196999657833,-5.565328397269806,-5.223408999939841
2013-06-20,-13.989505110128842,-5.583028207098879,-5.275054655086102
2013-06-21,-13.989150368774578,-5.566008293327135,-5.231006708082681
2013-06-22,-13.992675369779402,-5.584639490093854,-5.281220856524186
2013-06-23,-13.980144911229344,-5.547376495992261,-5.154761613356851
2013-06-24,-13.987092315615254,-5.574366674920031,-5.256168878967031
2013-06-25,-13.996317953367166,-5.575103650842066,-5.273314250835849
2013-06-26,-14.002035748870401,-5.569814844327531,-5.265035755071429
